FID,FID_Road_n,NAME,x_start,y_start,x_end,y_end,xy_start,xy_end,start_node,end_node,StartNode2,EndNode2,length,NEAR_FID,NEAR_DIST,ORIG_FID,NEAR_X,NEAR_Y,water_dist,Lon,Lat
0,59,SAN LUIS PASS,3217562.71269,13609487.2572,3206274.21788,13597267.3234,"3217562.71269,13609487.2572","3206274.21788,13597267.3234",0,141,1,142,16878.2303765,132,1787.11302331,0,3212927.84616,13602595.6741,544.712049505,-95.10663,29.09773
1,29,CATALINA,3217562.71269,13609487.2572,3217677.05039,13609180.458,"3217562.71269,13609487.2572","3217677.05039,13609180.458",0,142,1,143,327.806951016,132,1289.16388207,1,3218307.25309,13608245.0693,392.937151255,-95.08715,29.11248
2,59,SAN LUIS PASS,3223778.5559,13613531.3095,3217562.71269,13609487.2572,"3223778.5559,13613531.3095","3217562.71269,13609487.2572",1,0,2,1,7646.366883,132,428.437391925,2,3221136.16747,13610729.476,130.587717059,-95.0768,29.11693
3,9,4TH,3222824.51713,13614830.1298,3223778.5559,13613531.3095,"3222824.51713,13614830.1298","3223778.5559,13613531.3095",2,1,3,2,1611.55949035,131,1192.73862812,3,3224067.15006,13613266.137,363.546733851,-95.06884,29.12528
4,59,SAN LUIS PASS,3232284.98869,13620351.4586,3223778.5559,13613531.3095,"3232284.98869,13620351.4586","3223778.5559,13613531.3095",3,1,4,2,10903.2407945,131,396.172282672,4,3228259.57357,13616645.4752,120.753311758,-95.05378,29.13248
5,58,SAN JACINTO,3231548.25132,13621349.7421,3232284.98869,13620351.4586,"3231548.25132,13621349.7421","3232284.98869,13620351.4586",4,3,5,4,1240.70615956,131,1107.17745688,5,3232587.18974,13619969.5906,337.467688857,-95.04116,29.14282
6,59,SAN LUIS PASS,3248625.97274,13632792.7464,3232284.98869,13620351.4586,"3248625.97274,13632792.7464","3232284.98869,13620351.4586",5,3,6,4,20539.2191906,130,615.121872525,6,3240773.44285,13626143.3588,187.489146746,-95.01396,29.15793
7,40,HALBA,3248625.97274,13632792.7464,3248827.35784,13632525.7318,"3248625.97274,13632792.7464","3248827.35784,13632525.7318",5,143,6,144,334.443913015,129,429.151098986,7,3248973.1459,13632307.9302,130.805254971,-94.98726,29.1737
8,59,SAN LUIS PASS,3252149.01393,13635399.751,3248625.97274,13632792.7464,"3252149.01393,13635399.751","3248625.97274,13632792.7464",6,5,7,6,4382.90869385,129,623.041588325,8,3250739.58224,13633603.7307,189.903076121,-94.98193,29.17753
9,59,SAN LUIS PASS,3253202.33269,13636166.3509,3252149.01393,13635399.751,"3253202.33269,13636166.3509","3252149.01393,13635399.751",7,6,8,7,1302.74929709,129,613.122683503,9,3253089.71666,13635330.8482,186.879793932,-94.97455,29.18191
10,27,BUCCANEER,3252285.05598,13637447.4362,3253202.33269,13636166.3509,"3252285.05598,13637447.4362","3253202.33269,13636166.3509",8,7,9,8,1612.69387644,129,1378.28510037,10,3253466.15853,13635613.6213,420.101298593,-94.97415,29.18471
11,25,BOB SMITH,3248572.91117,13640153.6372,3252149.01393,13635399.751,"3248572.91117,13640153.6372","3252149.01393,13635399.751",9,6,10,7,5948.77672778,129,3609.72340353,11,3252662.22482,13634995.6341,1100.2436934,-94.98159,29.18761
12,59,SAN LUIS PASS,3260098.99704,13642233.5891,3253202.33269,13636166.3509,"3260098.99704,13642233.5891","3253202.33269,13636166.3509",10,7,11,8,9272.64723058,129,1442.06959626,12,3257141.49265,13638284.9766,439.54281294,-94.96262,29.19177
13,59,SAN LUIS PASS,3264360.30053,13645735.7753,3260098.99704,13642233.5891,"3264360.30053,13645735.7753","3260098.99704,13642233.5891",11,10,12,11,5580.86579187,128,1865.3632351,13,3263250.02941,13642711.1901,568.562714058,-94.94416,29.20408
14,27,BUCCANEER,3264360.30053,13645735.7753,3264832.52038,13645030.506,"3264360.30053,13645735.7753","3264832.52038,13645030.506",11,144,12,145,860.941893202,128,1360.77780044,14,3265457.0358,13644328.6979,414.765073574,-94.93605,29.20724
15,67,STEWART,3263383.40911,13646755.435,3260098.99704,13642233.5891,"3263383.40911,13646755.435","3260098.99704,13642233.5891",12,10,13,11,7091.45279348,128,3698.73563978,15,3262332.06251,13642032.6275,1127.374623,-94.94981,29.20678
16,2,12 MILE,3262180.90922,13649063.8503,3263383.40911,13646755.435,"3262180.90922,13649063.8503","3263383.40911,13646755.435",13,12,14,13,2602.87563578,128,4470.64144219,16,3265457.0358,13644328.6979,1362.65151158,-94.9416,29.21428
17,67,STEWART,3268357.60848,13649896.6184,3263383.40911,13646755.435,"3268357.60848,13649896.6184","3263383.40911,13646755.435",14,12,15,13,6001.64621653,128,2740.93353197,17,3267658.7121,13645944.3149,835.436540544,-94.93136,29.21465
18,59,SAN LUIS PASS,3272593.54784,13650363.2637,3264360.30053,13645735.7753,"3272593.54784,13650363.2637","3264360.30053,13645735.7753",15,11,16,12,9450.3565993,128,1075.14569715,18,3269253.26835,13647102.7314,327.704408491,-94.92351,29.21375
19,64,SPANISH GRANT,3272593.54784,13650363.2637,3272701.22906,13650183.2205,"3272593.54784,13650363.2637","3272701.22906,13650183.2205",15,145,16,146,209.787571109,127,554.475491005,19,3272961.14586,13649816.0776,169.004129658,-94.91041,29.21984
20,67,STEWART,3270181.89354,13651090.5569,3268357.60848,13649896.6184,"3270181.89354,13651090.5569","3268357.60848,13649896.6184",16,14,17,15,2180.37622057,128,2730.28888053,20,3270868.41757,13648281.391,832.192050786,-94.92097,29.22077
21,62,SETTEGAST,3268357.60848,13649896.6184,3264283.47588,13652773.2894,"3268357.60848,13649896.6184","3264283.47588,13652773.2894",14,146,15,147,6421.48183697,128,5048.28322242,21,3269258.41959,13647107.1741,1538.71672619,-94.9303,29.22293
22,65,SPANISH MAIN,3269429.59091,13651905.8903,3270181.89354,13651090.5569,"3269429.59091,13651905.8903","3270181.89354,13651090.5569",17,16,18,17,1111.68177364,128,3241.88513374,22,3271708.6634,13648878.8414,988.126588764,-94.9191,29.22354
23,67,STEWART,3275736.13047,13655182.8335,3271166.57181,13651967.9555,"3275736.13047,13655182.8335","3271166.57181,13651967.9555",18,19,19,20,5603.98487542,127,2662.82996414,23,3275107.1909,13651393.688,811.63057307,-94.90742,29.22865
24,67,STEWART,3271166.57181,13651967.9555,3270181.89354,13651090.5569,"3271166.57181,13651967.9555","3270181.89354,13651090.5569",19,16,20,17,1332.48307998,127,2782.25960271,24,3272344.08415,13649364.4413,848.032726906,-94.91654,29.22359
25,53,OSTERMEYER,3275736.13047,13655182.8335,3273990.48665,13656459.8805,"3275736.13047,13655182.8335","3273990.48665,13656459.8805",18,147,19,148,2913.93630956,127,4050.78782675,25,3277473.32153,13653213.9638,1234.68012959,-94.90209,29.23668
26,59,SAN LUIS PASS,3280754.25462,13657046.046,3272593.54784,13650363.2637,"3280754.25462,13657046.046","3272593.54784,13650363.2637",20,15,21,16,10680.3121624,127,655.780815706,26,3277211.03428,13653005.9562,199.881992627,-94.89695,29.22841
27,18,8 MILE,3280754.25462,13657046.046,3280940.83495,13656679.843,"3280754.25462,13657046.046","3280940.83495,13656679.843",20,148,21,149,410.999753146,127,934.901410486,27,3281408.5191,13656114.8917,284.957949916,-94.88399,29.23716
28,67,STEWART,3280062.02076,13658201.6362,3275736.13047,13655182.8335,"3280062.02076,13658201.6362","3275736.13047,13655182.8335",21,18,22,19,5347.56691901,127,2920.6518286,28,3279375.91867,13654652.8075,890.214677357,-94.89395,29.2379
29,59,SAN LUIS PASS,3287170.15714,13659868.3402,3280754.25462,13657046.046,"3287170.15714,13659868.3402","3280754.25462,13657046.046",22,20,23,21,7034.05179994,123,205.863248728,29,3283822.79187,13658452.3342,62.7471182123,-94.87428,29.24177
30,60,SEAWALL,3285669.78416,13658770.3345,3287170.15714,13659868.3402,"3285669.78416,13658770.3345","3287170.15714,13659868.3402",23,22,24,23,1859.28483918,121,67.7883490719,30,3286462.59243,13659265.5017,20.6618887971,-94.86626,29.24337
31,67,STEWART,3284816.94662,13662062.9549,3280062.02076,13658201.6362,"3284816.94662,13662062.9549","3280062.02076,13658201.6362",24,21,25,22,7174.9982538,123,1475.73490225,31,3283822.79187,13658452.3342,449.803998206,-94.87609,29.24505
32,31,COVE VIEW,3284816.94662,13662062.9549,3285585.68426,13660490.6523,"3284816.94662,13662062.9549","3285585.68426,13660490.6523",24,149,25,150,2164.39431248,126,2396.11499813,32,3285484.50919,13658870.4139,730.33585143,-94.87108,29.24862
33,67,STEWART,3286494.21098,13662794.6661,3284816.94662,13662062.9549,"3286494.21098,13662794.6661","3284816.94662,13662062.9549",25,24,26,25,1836.13195731,121,3066.50759485,33,3287400.83363,13659970.1289,934.67151491,-94.86836,29.25213
34,67,STEWART,3291244.06533,13663993.2181,3286494.21098,13662794.6661,"3291244.06533,13663993.2181","3286494.21098,13662794.6661",26,25,27,26,5001.60703515,121,1472.24339691,34,3289885.26246,13661767.2839,448.739787378,-94.8578,29.25306
35,73,YALE,3291244.06533,13663993.2181,3291522.60644,13663445.6405,"3291244.06533,13663993.2181","3291522.60644,13663445.6405",26,150,27,151,614.350411549,121,692.368812393,35,3291805.80867,13663170.8925,211.034014017,-94.85021,29.25498
36,20,99TH,3285081.08881,13665929.332,3286494.21098,13662794.6661,"3285081.08881,13665929.332","3286494.21098,13662794.6661",27,25,28,26,3473.58773697,121,4527.07820492,36,3288335.70568,13660655.7478,1379.85343686,-94.86794,29.25724
37,66,SPORTSMAN,3280062.02076,13658201.6362,3273582.16791,13665113.9669,"3280062.02076,13658201.6362","3273582.16791,13665113.9669",21,151,22,152,11732.7667753,127,7776.06375326,37,3282848.66112,13657883.0152,2370.14423199,-94.89408,29.25554
38,67,STEWART,3295402.43037,13667580.893,3291244.06533,13663993.2181,"3295402.43037,13667580.893","3291244.06533,13663993.2181",28,26,29,27,5794.51354231,121,536.260680365,38,3294162.99419,13664888.8217,163.452255375,-94.84238,29.2591
39,63,SOUTH,3295402.43037,13667580.893,3294268.12883,13667505.6625,"3295402.43037,13667580.893","3294268.12883,13667505.6625",28,152,29,153,1224.10329842,121,1975.06787166,39,3295966.04605,13666146.2926,602.000687282,-94.83898,29.26574
40,60,SEAWALL,3287170.15714,13659868.3402,3298879.03497,13668150.6442,"3287170.15714,13659868.3402","3298879.03497,13668150.6442",22,32,23,33,14344.8136978,121,51.3317509037,40,3292999.75481,13664058.2257,15.6459176754,-94.84522,29.25586
41,67,STEWART,3295222.14366,13669055.4475,3295402.43037,13667580.893,"3295222.14366,13669055.4475","3295402.43037,13667580.893",29,28,30,29,1566.52000352,121,2064.12073964,41,3296684.06982,13666626.8021,629.144001442,-94.83669,29.26728
42,36,GOLF CREST,3295536.62695,13669216.0827,3295222.14366,13669055.4475,"3295536.62695,13669216.0827","3295222.14366,13669055.4475",30,29,31,30,353.133689988,121,2814.49643385,42,3296868.36355,13666747.3903,857.858513037,-94.83708,29.26948
43,14,69TH,3294886.35529,13669770.5852,3295222.14366,13669055.4475,"3294886.35529,13669770.5852","3295222.14366,13669055.4475",31,29,32,30,792.656469286,121,3226.38199125,43,3296806.83638,13666707.7775,983.401230933,-94.83812,29.27026
44,60,SEAWALL,3298879.03497,13668150.6442,3301003.03827,13669778.8237,"3298879.03497,13668150.6442","3301003.03827,13669778.8237",32,38,33,39,2676.42207922,115,139.884051286,44,3300031.84981,13668855.072,42.636658832,-94.8228,29.26855
45,52,MARY MOODY NORTHERN,3301196.51491,13671548.7611,3301003.03827,13669778.8237,"3301196.51491,13671548.7611","3301003.03827,13669778.8237",33,38,34,39,2372.20589166,112,1349.43686059,45,3301481.06841,13669862.9598,411.308355108,-94.82046,29.27382
46,14,69TH,3294096.64165,13671310.3193,3294886.35529,13669770.5852,"3294096.64165,13671310.3193","3294886.35529,13669770.5852",34,31,35,32,1730.44388537,121,4476.31021097,46,3296868.36355,13666747.3903,1364.3793523,-94.83971,29.27342
47,67,STEWART,3297200.47008,13671414.8129,3294886.35529,13669770.5852,"3297200.47008,13671414.8129","3294886.35529,13669770.5852",35,31,36,32,2986.9312549,121,3855.86790743,47,3298129.60312,13667587.4516,1175.26853818,-94.83534,29.27378
48,13,61ST,3297200.47008,13671414.8129,3298879.03497,13668150.6442,"3297200.47008,13671414.8129","3298879.03497,13668150.6442",35,32,36,33,3681.09599827,118,1926.24737669,48,3298757.24586,13668000.9096,587.120200415,-94.82868,29.27101
49,13,61ST,3296896.84766,13671985.1198,3297200.47008,13671414.8129,"3296896.84766,13671985.1198","3297200.47008,13671414.8129",36,35,37,36,646.452208858,118,4074.2933223,49,3298757.24586,13668000.9096,1241.84460464,-94.83157,29.27636
50,21,AVE Q 1/2,3300517.77775,13673556.8529,3296896.84766,13671985.1198,"3300517.77775,13673556.8529","3296896.84766,13671985.1198",37,36,38,37,4079.17592119,115,4189.75227637,50,3300553.19453,13669202.2029,1277.03649384,-94.82661,29.27951
51,60,SEAWALL,3301003.03827,13669778.8237,3306813.98662,13673942.8048,"3301003.03827,13669778.8237","3306813.98662,13673942.8048",38,45,39,46,7159.91239305,103,78.5483837305,51,3303979.25497,13671753.0974,23.9415473611,-94.80996,29.27601
52,69,TEICHMAN,3286910.40766,13674600.751,3286910.42537,13674600.3074,"3286910.40766,13674600.751","3286910.42537,13674600.3074",39,40,40,41,0.444029298346,121,12115.4382755,52,3293731.31223,13664587.5763,3692.78558637,-94.86303,29.28532
53,69,TEICHMAN,3286910.42537,13674600.3074,3285974.25894,13673868.5468,"3286910.42537,13674600.3074","3285974.25894,13673868.5468",40,153,41,154,1333.27743359,121,11961.2870547,53,3293731.31223,13664587.5763,3645.80029427,-94.86414,29.28417
54,26,BROADWAY,3286910.40766,13674600.751,3283871.46951,13675797.1948,"3286910.40766,13674600.751","3283871.46951,13675797.1948",39,60,40,61,3302.6663395,121,13380.6279671,54,3293037.77213,13664087.6033,4078.41540437,-94.86793,29.28665
55,7,35TH,3306175.71132,13675822.5045,3306813.98662,13673942.8048,"3306175.71132,13675822.5045","3306813.98662,13673942.8048",41,45,42,46,1985.11111545,96,1119.48385226,55,3307125.17766,13673957.4899,341.218678169,-94.80159,29.28418
56,26,BROADWAY,3294851.90293,13676053.2071,3291033.67315,13675941.4252,"3294851.90293,13676053.2071","3291033.67315,13675941.4252",42,138,43,139,3826.99358108,121,9893.43044739,56,3298416.45142,13667778.3271,3015.51760036,-94.84396,29.28863
57,26,BROADWAY,3290985.90843,13675931.1196,3286910.40766,13674600.751,"3290985.90843,13675931.1196","3286910.40766,13674600.751",43,39,44,40,4315.05992843,121,11401.1748863,57,3295515.12828,13665853.0655,3475.07810534,-94.85652,29.28673
58,13,61ST,3294851.90293,13676053.2071,3294926.27355,13675912.5162,"3294851.90293,13676053.2071","3294926.27355,13675912.5162",42,139,43,140,159.138026795,115,8789.39032184,58,3300031.84981,13668855.072,2679.0061701,-94.83786,29.28835
59,13,61ST,3295680.10016,13674523.1556,3296896.84766,13671985.1198,"3295680.10016,13674523.1556","3296896.84766,13671985.1198",44,36,45,37,2818.89920167,115,5764.78176272,59,3300031.77594,13668855.01,1757.10548128,-94.83366,29.28075
60,60,SEAWALL,3306813.98662,13673942.8048,3309987.57804,13676481.8565,"3306813.98662,13673942.8048","3309987.57804,13676481.8565",45,57,46,58,4064.48628238,94,273.529250992,60,3308525.38999,13674964.3134,83.3717157024,-94.79557,29.28489
61,41,HARBORSIDE,3287874.39556,13677157.8627,3286910.40766,13674600.751,"3287874.39556,13677157.8627","3286910.40766,13674600.751",46,39,47,40,3053.45294917,121,13375.9733294,61,3294556.5,13665185.3943,4076.9966708,-94.86308,29.28948
62,26,BROADWAY,3299236.91417,13677346.3784,3294851.90293,13676053.2071,"3299236.91417,13677346.3784","3294851.90293,13676053.2071",47,42,48,43,4583.88758289,112,8063.05455684,62,3301596.97026,13669940.9934,2457.61902892,-94.83096,29.28986
63,10,51ST,3299236.91417,13677346.3784,3299778.04334,13675745.4095,"3299236.91417,13677346.3784","3299778.04334,13675745.4095",47,154,48,155,1689.9474043,103,6520.39278754,63,3303619.91801,13671485.9171,1987.41572164,-94.82331,29.28944
64,54,PRUITT,3287874.39556,13677157.8627,3286944.36789,13677397.6821,"3287874.39556,13677157.8627","3286944.36789,13677397.6821",46,155,47,156,1360.20111136,121,14282.0005975,64,3295515.12828,13665853.0655,4353.15378212,-94.86068,29.2938
65,26,BROADWAY,3303916.12627,13678931.8041,3299236.91417,13677346.3784,"3303916.12627,13678931.8041","3299236.91417,13677346.3784",48,47,49,48,4940.50607774,100,6723.98065983,65,3305128.19043,13672429.6644,2049.46930512,-94.81665,29.29362
66,26,BROADWAY,3305716.64957,13679541.8635,3303916.12627,13678931.8041,"3305716.64957,13679541.8635","3303916.12627,13678931.8041",49,48,50,49,1901.06725919,94,5639.21669508,66,3308135.8785,13674678.1336,1718.83324866,-94.80637,29.29631
67,6,33RD,3305716.64957,13679541.8635,3305719.50497,13679533.5154,"3305716.64957,13679541.8635","3305719.50497,13679533.5154",49,50,50,51,8.82298770329,92,5247.96458316,67,3309234.02735,13675641.6367,1599.57960495,-94.8035,29.29705
68,6,33RD,3305719.50497,13679533.5154,3306049.91137,13678567.5239,"3305719.50497,13679533.5154","3306049.91137,13678567.5239",50,156,51,157,1020.93477901,92,4777.85858895,68,3309163.53062,13675575.2849,1456.29129791,-94.80304,29.2957
69,8,38TH,3303691.73499,13679595.3126,3303916.12627,13678931.8041,"3303691.73499,13679595.3126","3303916.12627,13678931.8041",51,48,52,49,700.424869837,96,6252.81091647,69,3307258.75877,13674051.8593,1905.85676734,-94.80954,29.29649
70,41,HARBORSIDE,3298433.7875,13679722.4846,3287874.39556,13677157.8627,"3298433.7875,13679722.4846","3287874.39556,13677157.8627",52,46,53,47,11084.7335997,115,12357.3517736,70,3300031.84981,13668855.072,3766.52082059,-94.84337,29.29691
71,10,51ST,3298433.7875,13679722.4846,3298511.67675,13682841.8138,"3298433.7875,13679722.4846","3298511.67675,13682841.8138",52,102,53,103,3249.33595352,103,11210.2679186,71,3304134.09766,13671857.7643,3416.88966159,-94.82727,29.30262
72,26,BROADWAY,3308616.11786,13680524.2704,3305716.64957,13679541.8635,"3308616.11786,13680524.2704","3305716.64957,13679541.8635",53,49,54,50,3061.37869203,88,4677.8531368,72,3310708.60627,13676977.7487,1425.8096361,-94.79891,29.29827
73,56,ROSENBERG,3308616.11786,13680524.2704,3309987.57804,13676481.8565,"3308616.11786,13680524.2704","3309987.57804,13676481.8565",53,57,54,58,4268.72494049,88,2062.68856476,73,3310937.29094,13677246.0789,628.707474539,-94.79238,29.29385
74,26,BROADWAY,3311157.47465,13681385.3415,3308616.11786,13680524.2704,"3311157.47465,13681385.3415","3308616.11786,13680524.2704",54,53,55,54,2683.26998547,86,3504.20858289,74,3312179.77039,13678304.9478,1068.08277606,-94.79027,29.30053
75,5,18TH,3311157.47465,13681385.3415,3311594.23067,13680096.7673,"3311157.47465,13681385.3415","3311594.23067,13680096.7673",54,157,55,158,1360.58049099,83,2222.81041978,75,3313146.9156,13679397.8409,677.512615949,-94.78563,29.2998
76,26,BROADWAY,3313315.92539,13682116.6747,3311157.47465,13681385.3415,"3313315.92539,13682116.6747","3311157.47465,13681385.3415",55,54,56,55,2278.98174685,82,2302.76315689,76,3313923.07929,13680182.9383,701.88221022,-94.78282,29.30249
77,26,BROADWAY,3315647.65563,13682906.6832,3313315.92539,13682116.6747,"3315647.65563,13682906.6832","3313315.92539,13682116.6747",56,55,57,56,2461.92597653,79,1326.11915913,77,3315384.04713,13681539.8332,404.201119703,-94.77569,29.30436
78,60,SEAWALL,3309987.57804,13676481.8565,3315647.65563,13682906.6832,"3309987.57804,13676481.8565","3315647.65563,13682906.6832",57,56,58,57,8612.01204382,83,76.0256441637,78,3313156.55473,13679409.0535,23.1726163411,-94.78037,29.2961
79,3,12TH,3312983.96968,13683094.6008,3313315.92539,13682116.6747,"3312983.96968,13683094.6008","3313315.92539,13682116.6747",58,55,59,56,1032.73144029,79,2360.38302181,79,3314911.11003,13681034.1052,719.444745048,-94.77985,29.30475
80,41,HARBORSIDE,3307647.18082,13683393.0281,3298433.7875,13679722.4846,"3307647.18082,13683393.0281","3298433.7875,13679722.4846",59,52,60,53,9999.19225759,94,8485.37461507,80,3308135.8785,13674678.1336,2586.34218267,-94.81155,29.30269
81,56,ROSENBERG,3307647.18082,13683393.0281,3308616.11786,13680524.2704,"3307647.18082,13683393.0281","3308616.11786,13680524.2704",59,53,60,54,3027.97123596,88,5418.60786429,81,3311386.1051,13677626.2332,1651.59167704,-94.79566,29.30347
82,47,IH 45,3283871.46951,13675797.1948,3272935.64565,13681991.4278,"3283871.46951,13675797.1948","3272935.64565,13681991.4278",60,61,61,62,12677.3746011,121,20557.4428263,82,3290478.86421,13662221.1765,6265.90857346,-94.88964,29.29761
83,47,IH 45,3272935.64565,13681991.4278,3271531.00338,13683916.5086,"3272935.64565,13681991.4278","3271531.00338,13683916.5086",61,64,62,65,2402.93900251,123,27129.9992088,83,3283780.85449,13658433.7838,8269.22375884,-94.90782,29.3099
84,47,IH 45,3271159.1826,13684118.9403,3283871.46951,13675797.1948,"3271159.1826,13684118.9403","3283871.46951,13675797.1948",62,60,63,61,15515.7362133,121,21803.7177287,84,3290345.26269,13662120.0799,6645.77316371,-94.89367,29.29931
85,60,SEAWALL,3315647.65563,13682906.6832,3316541.46224,13684249.1569,"3315647.65563,13682906.6832","3316541.46224,13684249.1569",56,66,57,67,1612.80067451,79,1037.80733622,85,3316867.99466,13682885.9241,316.32367608,-94.77051,29.30713
86,0,,3270675.46933,13684421.8718,3271159.1826,13684118.9403,"3270675.46933,13684421.8718","3271159.1826,13684118.9403",63,62,64,63,570.741632418,123,28861.7638837,86,3283780.85449,13658433.7838,8797.06563175,-94.91211,29.31345
87,0,,3271531.00338,13683916.5086,3270977.49956,13684443.2189,"3271531.00338,13683916.5086","3270977.49956,13684443.2189",64,158,65,159,764.061608493,123,28631.7378924,87,3283780.85449,13658433.7838,8726.9537096,-94.91106,29.31317
88,38,GULF,3269857.28232,13685091.4666,3270675.46933,13684421.8718,"3269857.28232,13685091.4666","3270675.46933,13684421.8718",65,63,66,64,1057.25454289,123,29589.4479112,88,3283780.85449,13658433.7838,9018.86372333,-94.9141,29.31485
89,60,SEAWALL,3316541.46224,13684249.1569,3317315.94002,13685412.7573,"3316541.46224,13684249.1569","3317315.94002,13685412.7573",66,76,67,77,1397.7775652,79,1473.26506336,89,3317659.57028,13683551.9439,449.051191312,-94.76775,29.31049
90,0,,3269857.28232,13685091.4666,3269248.76024,13685736.2035,"3269857.28232,13685091.4666","3269248.76024,13685736.2035",65,67,66,68,886.55783098,123,30501.7114482,90,3283780.85449,13658433.7838,9296.92164941,-94.91626,29.31672
91,47,IH 45,3269248.76024,13685736.2035,3271159.1826,13684118.9403,"3269248.76024,13685736.2035","3271159.1826,13684118.9403",67,62,68,63,2503.04889174,123,29769.9942984,91,3283780.85449,13658433.7838,9073.89426215,-94.91427,29.31532
92,41,HARBORSIDE,3315990.49615,13686207.1806,3307647.18082,13683393.0281,"3315990.49615,13686207.1806","3307647.18082,13683393.0281",68,59,69,60,8879.44977214,79,4817.78290863,92,3315284.31005,13681437.8909,1468.46023055,-94.78367,29.31096
93,33,FERRY,3316541.46224,13684249.1569,3315990.49615,13686207.1806,"3316541.46224,13684249.1569","3315990.49615,13686207.1806",66,68,67,69,2041.96739636,79,2176.32933869,93,3317659.57028,13683551.9439,663.345182433,-94.76976,29.31165
94,72,WATER,3316434.65701,13686536.6684,3315990.49615,13686207.1806,"3316434.65701,13686536.6684","3315990.49615,13686207.1806",69,68,70,69,625.354465044,79,3170.93222906,94,3317659.57028,13683551.9439,966.500143417,-94.76984,29.31479
95,47,IH 45,3267185.40741,13687462.3155,3267369.79724,13687308.0629,"3267185.40741,13687462.3155","3267369.79724,13687308.0629",70,71,71,72,240.402725161,125,33303.3452734,95,3283204.5237,13658137.1811,10150.8596393,-94.92318,29.32236
96,47,IH 45,3267369.79724,13687308.0629,3269248.76024,13685736.2035,"3267369.79724,13687308.0629","3269248.76024,13685736.2035",71,67,72,68,2449.74367369,125,32055.7924748,96,3283204.5237,13658137.1811,9770.60554632,-94.92004,29.31989
97,38,GULF,3266533.59539,13687906.7851,3267110.83462,13687412.6448,"3266533.59539,13687906.7851","3267110.83462,13687412.6448",72,73,73,74,759.855121689,125,33763.2943378,97,3283204.5237,13658137.1811,10291.0521142,-94.92458,29.32316
98,38,GULF,3267110.83462,13687412.6448,3269857.28232,13685091.4666,"3267110.83462,13687412.6448","3269857.28232,13685091.4666",73,65,74,66,3595.9629971,125,31735.5147097,98,3283204.5237,13658137.1811,9672.98488352,-94.91952,29.31913
99,0,,3267185.40741,13687462.3155,3266533.59539,13687906.7851,"3267185.40741,13687462.3155","3266533.59539,13687906.7851",70,72,71,73,788.930995449,125,33766.9480975,99,3283204.5237,13658137.1811,10292.1657801,-94.92446,29.32322
100,38,GULF,3266761.93549,13688063.3609,3267305.80407,13687596.3104,"3266761.93549,13688063.3609","3267305.80407,13687596.3104",74,75,75,76,716.888590926,125,33810.4094011,100,3283204.5237,13658137.1811,10305.4127855,-94.9239,29.3236
101,38,GULF,3267305.80407,13687596.3104,3270977.49956,13684443.2189,"3267305.80407,13687596.3104","3270977.49956,13684443.2189",75,158,76,159,4839.76587453,125,31228.2377233,101,3283204.5237,13658137.1811,9518.36685806,-94.91749,29.31843
102,24,BEACH,3317315.94002,13685412.7573,3321961.98224,13688120.1295,"3317315.94002,13685412.7573","3321961.98224,13688120.1295",76,159,77,160,5931.1501041,78,861.277482519,102,3320226.77432,13685569.0082,262.517376672,-94.75898,29.31406
103,47,IH 45,3271531.00338,13683916.5086,3266241.56743,13688373.3829,"3271531.00338,13683916.5086","3266241.56743,13688373.3829",64,78,65,79,6916.78111704,125,31455.47381,103,3283204.5237,13658137.1811,9587.62841729,-94.91827,29.3188
104,0,,3266761.93549,13688063.3609,3266241.56743,13688373.3829,"3266761.93549,13688063.3609","3266241.56743,13688373.3829",74,78,75,79,605.719871609,125,34407.2760313,104,3283204.5237,13658137.1811,10487.3377343,-94.92552,29.32472
105,68,TARPON,3315872.79986,13688780.4592,3315177.06897,13688543.2264,"3315872.79986,13688780.4592","3315177.06897,13688543.2264",77,160,78,161,735.065216319,71,5088.97104157,105,3315619.25288,13693749.9397,1551.11837347,-94.77172,29.32116
106,33,FERRY,3315990.49615,13686207.1806,3315872.79986,13688780.4592,"3315990.49615,13686207.1806","3315872.79986,13688780.4592",68,77,69,78,2672.85995802,79,4022.37969883,106,3318854.82383,13684423.3939,1226.0213322,-94.76951,29.31791
107,47,IH 45,3266241.56743,13688373.3829,3265500.91537,13689028.8275,"3266241.56743,13688373.3829","3265500.91537,13689028.8275",78,81,79,82,989.026310048,125,35136.8202073,107,3283204.5237,13658137.1811,10709.7027992,-94.92745,29.32611
108,38,GULF,3264870.84872,13689243.4763,3266533.59539,13687906.7851,"3264870.84872,13689243.4763","3266533.59539,13687906.7851",79,72,80,73,2133.41743044,125,35111.2423913,108,3283204.5237,13658137.1811,10701.9066809,-94.92799,29.32578
109,47,IH 45,3264790.85446,13689415.3034,3267185.40741,13687462.3155,"3264790.85446,13689415.3034","3267185.40741,13687462.3155",80,70,81,71,3091.4530329,125,34861.2830459,109,3283204.5237,13658137.1811,10625.7190724,-94.92705,29.32544
110,0,,3265500.91537,13689028.8275,3264934.25082,13689654.297,"3265500.91537,13689028.8275","3264934.25082,13689654.297",81,82,82,83,843.991035871,125,36017.2658332,110,3283204.5237,13658137.1811,10978.062626,-94.92943,29.32793
111,38,GULF,3264934.25082,13689654.297,3266761.93549,13688063.3609,"3264934.25082,13689654.297","3266761.93549,13688063.3609",82,74,83,75,2423.1196793,125,35285.4832979,111,3283204.5237,13658137.1811,10755.0153092,-94.92751,29.32655
112,0,,3264406.3234,13689658.0539,3264870.84872,13689243.4763,"3264406.3234,13689658.0539","3264870.84872,13689243.4763",83,79,84,80,622.622151098,125,36403.6376158,112,3283156.30162,13658108.7958,11095.8287453,-94.93123,29.32829
113,47,IH 45,3264406.3234,13689658.0539,3264790.85446,13689415.3034,"3264406.3234,13689658.0539","3264790.85446,13689415.3034",83,80,84,81,454.743814649,125,36497.9523093,113,3283156.30162,13658108.7958,11124.5758639,-94.93135,29.32853
114,0,,3264490.40525,13690931.2069,3264562.49873,13689824.8635,"3264490.40525,13690931.2069","3264562.49873,13689824.8635",84,85,85,86,1108.97488742,125,37263.1559625,114,3283204.5237,13658137.1811,11357.8099374,-94.9315,29.33085
115,0,,3264562.49873,13689824.8635,3264790.85446,13689415.3034,"3264562.49873,13689824.8635","3264790.85446,13689415.3034",85,80,86,81,484.040942676,125,36531.7946865,115,3283162.87312,13658112.664,11134.8910204,-94.93124,29.32869
116,47,IH 45,3265500.91537,13689028.8275,3264562.49873,13689824.8635,"3265500.91537,13689028.8275","3264562.49873,13689824.8635",81,85,82,86,1230.56863044,125,36184.1728604,116,3283204.5237,13658137.1811,11028.9358878,-94.93,29.32819
117,45,HWY 6,3264870.84872,13689243.4763,3263094.95435,13689980.513,"3264870.84872,13689243.4763","3263094.95435,13689980.513",79,86,80,87,1952.49154701,125,36969.5145862,117,3283156.30162,13658108.7958,11268.3080459,-94.93309,29.32917
118,45,HWY 6,3263094.95435,13689980.513,3262779.90047,13689991.9778,"3263094.95435,13689980.513","3262779.90047,13689991.9778",86,88,87,89,315.27570331,125,37749.080599,118,3283156.30162,13658108.7958,11505.9197666,-94.93651,29.32992
119,0,,3263394.0167,13690266.8893,3262779.90047,13689991.9778,"3263394.0167,13690266.8893","3262779.90047,13689991.9778",87,88,88,89,679.038904812,125,37776.1177688,119,3283156.30162,13658108.7958,11514.1606959,-94.93601,29.33027
120,0,,3264490.40525,13690931.2069,3262561.7057,13690182.8249,"3264490.40525,13690931.2069","3262561.7057,13690182.8249",84,89,85,90,2312.8005698,125,37574.5658039,120,3283156.30162,13658108.7958,11452.727657,-94.93413,29.33057
121,45,HWY 6,3262779.90047,13689991.9778,3262235.39238,13690209.3911,"3262779.90047,13689991.9778","3262235.39238,13690209.3911",88,104,89,105,597.20933671,125,38048.2386314,121,3283156.30162,13658108.7958,11597.1031349,-94.9379,29.33016
122,0,,3262561.7057,13690182.8249,3262235.39238,13690209.3911,"3262561.7057,13690182.8249","3262235.39238,13690209.3911",89,104,90,105,327.392958521,125,38216.2255435,122,3283156.30162,13658108.7958,11648.3055457,-94.93818,29.33055
123,47,IH 45,3263646.85612,13690270.5749,3264406.3234,13689658.0539,"3263646.85612,13690270.5749","3264406.3234,13689658.0539",90,83,91,84,975.828203179,125,37157.6681807,123,3283156.30162,13658108.7958,11325.6572615,-94.9331,29.32976
124,45,HWY 6,3264026.04988,13690432.2811,3263394.0167,13690266.8893,"3264026.04988,13690432.2811","3263394.0167,13690266.8893",91,87,92,88,661.548918476,125,37619.3739722,124,3283156.30162,13658108.7958,11466.3851867,-94.93403,29.33076
125,47,IH 45,3262675.95022,13691172.1303,3263646.85612,13690270.5749,"3262675.95022,13691172.1303","3263646.85612,13690270.5749",92,90,93,91,1324.93791018,125,38254.0824472,125,3283156.30162,13658108.7958,11659.8443299,-94.93573,29.33192
126,47,IH 45,3264562.49873,13689824.8635,3263935.46039,13690358.232,"3264562.49873,13689824.8635","3263935.46039,13690358.232",85,93,86,94,823.250449859,125,37154.010478,126,3283156.30162,13658108.7958,11324.5423937,-94.93238,29.33009
127,47,IH 45,3263935.46039,13690358.232,3259646.42938,13693902.0422,"3263935.46039,13690358.232","3259646.42938,13693902.0422",93,105,94,106,5563.97606211,125,40168.4303412,127,3283156.30162,13658108.7958,12243.337568,-94.93991,29.33589
128,0,,3263137.62745,13690550.3494,3262561.7057,13690182.8249,"3263137.62745,13690550.3494","3262561.7057,13690182.8249",94,89,95,90,867.244737523,125,37900.5346345,128,3283156.30162,13658108.7958,11552.0829566,-94.93631,29.33051
129,38,GULF,3263137.62745,13690550.3494,3263394.0167,13690266.8893,"3263137.62745,13690550.3494","3263394.0167,13690266.8893",94,87,95,88,382.210747278,125,37932.9642733,129,3283156.30162,13658108.7958,11561.9675105,-94.93544,29.33105
130,38,GULF,3263738.60689,13690652.8771,3264026.04988,13690432.2811,"3263738.60689,13690652.8771","3264026.04988,13690432.2811",95,91,96,92,362.334206522,125,37728.4553236,130,3283156.30162,13658108.7958,11499.6331826,-94.93349,29.33136
131,33,FERRY,3315872.79986,13688780.4592,3315057.83988,13690801.9973,"3315872.79986,13688780.4592","3315057.83988,13690801.9973",77,96,78,97,2198.61282678,71,3930.41195571,131,3315619.25288,13693749.9397,1197.9895641,-94.77161,29.32434
132,33,FERRY,3315057.83988,13690801.9973,3315011.00008,13690841.2707,"3315057.83988,13690801.9973","3315011.00008,13690841.2707",96,161,97,162,61.1258458517,71,2986.13530444,132,3315619.25288,13693749.9397,910.174040793,-94.77301,29.32714
133,70,TEXAS CITY WYE,3264513.11945,13692335.9935,3264419.87943,13691164.4846,"3264513.11945,13692335.9935","3264419.87943,13691164.4846",97,98,98,99,1183.68486233,125,38448.5355309,133,3283204.5237,13658137.1811,11719.1136298,-94.93133,29.3346
134,70,TEXAS CITY WYE,3264419.87943,13691164.4846,3264026.04988,13690432.2811,"3264419.87943,13691164.4846","3264026.04988,13690432.2811",98,91,99,92,856.096020864,125,37716.9050701,134,3283204.5237,13658137.1811,11496.1126654,-94.93222,29.33193
135,0,,3264513.11945,13692335.9935,3264419.87943,13691164.4846,"3264513.11945,13692335.9935","3264419.87943,13691164.4846",97,98,98,99,1186.86770591,125,38496.9682635,135,3283204.5237,13658137.1811,11733.8759267,-94.93163,29.33462
136,0,,3264419.87943,13691164.4846,3264490.40525,13690931.2069,"3264419.87943,13691164.4846","3264490.40525,13690931.2069",98,84,99,85,243.705545256,125,37876.7890851,136,3283204.5237,13658137.1811,11544.8453131,-94.93164,29.3327
137,38,GULF,3262119.62948,13691573.4123,3263137.62745,13690550.3494,"3262119.62948,13691573.4123","3263137.62745,13690550.3494",99,94,100,95,1443.25243175,125,38823.8480745,137,3283156.30162,13658108.7958,11833.5088931,-94.93736,29.33291
138,0,,3262675.95022,13691172.1303,3262119.62948,13691573.4123,"3262675.95022,13691172.1303","3262119.62948,13691573.4123",92,99,93,100,685.944612549,125,39209.7931265,138,3283156.30162,13658108.7958,11951.144945,-94.93805,29.33379
139,0,,3264513.11945,13692335.9935,3263738.60689,13690652.8771,"3264513.11945,13692335.9935","3263738.60689,13690652.8771",97,95,98,96,2145.00822262,125,38161.287524,139,3283204.5237,13658137.1811,11631.5604373,-94.93207,29.33338
140,0,,3264934.25082,13689654.297,3264513.11945,13692335.9935,"3264934.25082,13689654.297","3264513.11945,13692335.9935",82,97,83,98,2780.5373567,125,37726.7788261,140,3283204.5237,13658137.1811,11499.1221862,-94.93125,29.33241
141,38,GULF,3260195.05623,13693234.6229,3262119.62948,13691573.4123,"3260195.05623,13693234.6229","3262119.62948,13691573.4123",100,99,101,100,2543.44055095,125,40750.3480651,141,3283156.30162,13658108.7958,12420.7060902,-94.94179,29.33678
142,38,GULF,3260326.73773,13693437.2094,3263738.60689,13690652.8771,"3260326.73773,13693437.2094","3263738.60689,13690652.8771",101,95,102,96,4406.93283586,125,39959.8364273,142,3283156.30162,13658108.7958,12179.758143,-94.9392,29.33559
143,61,SEAWOLF,3298511.67675,13682841.8138,3312923.10202,13693495.77,"3298511.67675,13682841.8138","3312923.10202,13693495.77",102,162,103,163,19419.4237935,71,11457.1070625,143,3315619.25288,13693749.9397,3492.12623265,-94.80347,29.32188
144,0,,3260195.05623,13693234.6229,3259602.49049,13693847.4474,"3260195.05623,13693234.6229","3259602.49049,13693847.4474",100,103,101,104,852.460030993,125,42383.4426139,144,3283156.30162,13658108.7958,12918.4733087,-94.94566,29.33998
145,47,IH 45,3259602.49049,13693847.4474,3262675.95022,13691172.1303,"3259602.49049,13693847.4474","3262675.95022,13691172.1303",103,92,104,93,4076.13024214,125,40849.805848,145,3283156.30162,13658108.7958,12451.0208225,-94.94182,29.33708
146,45,HWY 6,3262235.39238,13690209.3911,3243665.90917,13693884.1259,"3262235.39238,13690209.3911","3243665.90917,13693884.1259",104,108,105,109,19103.4754187,127,44784.1207728,146,3282884.26033,13657916.0519,13650.2000115,-94.96819,29.33392
147,0,,3259646.42938,13693902.0422,3260326.73773,13693437.2094,"3259646.42938,13693902.0422","3260326.73773,13693437.2094",105,101,106,102,823.947158777,125,42443.0025488,147,3283156.30162,13658108.7958,12936.6271769,-94.94537,29.34033
148,60,SEAWALL,3317315.94002,13685412.7573,3321563.62838,13694035.1698,"3317315.94002,13685412.7573","3321563.62838,13694035.1698",76,163,77,164,9624.47345676,78,3644.71551159,148,3321896.84739,13686910.7445,1110.90928793,-94.75906,29.32355
149,44,HWY 3,3257974.97472,13700153.4909,3262615.73578,13694831.4747,"3257974.97472,13700153.4909","3262615.73578,13694831.4747",106,107,107,108,7061.2855912,125,45537.8627557,149,3283204.5237,13658137.1811,13879.9405679,-94.94398,29.35081
150,44,HWY 3,3262615.73578,13694831.4747,3264513.11945,13692335.9935,"3262615.73578,13694831.4747","3264513.11945,13692335.9935",107,97,108,98,3163.33389418,125,40528.0133616,150,3283204.5237,13658137.1811,12352.9384726,-94.93389,29.33988
151,45,HWY 6,3243665.90917,13693884.1259,3237349.00186,13695820.6315,"3243665.90917,13693884.1259","3237349.00186,13695820.6315",108,164,109,165,6607.0888925,127,55502.8086297,151,3273728.75675,13650390.7119,16917.2560703,-95.00635,29.34543
152,43,HWY 146,3259657.41558,13700231.7168,3261002.88107,13696679.8492,"3259657.41558,13700231.7168","3261002.88107,13696679.8492",109,110,110,111,3820.64695548,125,46327.7322924,152,3283204.5237,13658137.1811,14120.6928027,-94.9432,29.35363
153,43,HWY 146,3261002.88107,13696679.8492,3262615.73578,13694831.4747,"3261002.88107,13696679.8492","3262615.73578,13694831.4747",110,107,111,108,2631.59114896,125,43202.7192663,153,3283204.5237,13658137.1811,13168.1888324,-94.94044,29.34519
154,32,FAIRWOOD,3244710.38838,13699565.956,3243665.90917,13693884.1259,"3244710.38838,13699565.956","3243665.90917,13693884.1259",111,108,112,109,5838.64093486,127,54676.7087684,154,3277411.13581,13653168.5362,16665.4608326,-94.99408,29.3502
155,47,IH 45,3247199.00611,13700344.7868,3258558.45995,13694720.4209,"3247199.00611,13700344.7868","3258558.45995,13694720.4209",112,113,113,114,12715.9520405,127,49762.1656978,155,3282884.26033,13657916.0519,15167.5081047,-94.96693,29.35204
156,47,IH 45,3258558.45995,13694720.4209,3259602.49049,13693847.4474,"3258558.45995,13694720.4209","3259602.49049,13693847.4474",113,103,114,104,1360.91233531,125,43454.413505,156,3283156.30162,13658108.7958,13244.9052363,-94.94814,29.3421
157,47,IH 45,3259646.42938,13693902.0422,3258798.16838,13694608.2862,"3259646.42938,13693902.0422","3258798.16838,13694608.2862",105,114,106,115,1103.77890403,125,43352.0768717,157,3283156.30162,13658108.7958,13213.7130305,-94.9477,29.34201
158,47,IH 45,3258798.16838,13694608.2862,3247138.36548,13700480.9588,"3258798.16838,13694608.2862","3247138.36548,13700480.9588",114,165,115,166,13101.2416877,127,49732.6595422,158,3282884.26033,13657916.0519,15158.5146285,-94.96658,29.35215
159,50,LOOP 197,3269443.95243,13704396.4821,3264513.11945,13692335.9935,"3269443.95243,13704396.4821","3264513.11945,13692335.9935",115,97,116,98,13235.6565944,121,43457.0890172,159,3292489.35763,13663680.458,13245.7207324,-94.924,29.35325
188,26,BROADWAY,3291033.67315,13675941.4252,3290985.90843,13675931.1196,"3291033.67315,13675941.4252","3290985.90843,13675931.1196",138,43,139,44,48.8652867651,121,10895.6431749,188,3297112.21656,13666910.0231,3320.99203971,-94.85002,29.2886
189,13,61ST,3294926.27355,13675912.5162,3295537.40433,13674800.7034,"3294926.27355,13675912.5162","3295537.40433,13674800.7034",139,140,140,141,1269.12766227,115,8082.72326837,189,3300031.84981,13668855.072,2463.6140522,-94.83688,29.28658
190,13,61ST,3295537.40433,13674800.7034,3295680.10016,13674523.1556,"3295537.40433,13674800.7034","3295680.10016,13674523.1556",140,44,141,45,312.081508126,115,7299.54698121,190,3300031.84981,13668855.072,2224.90191987,-94.83575,29.28464
