Start Node,End Node
10470,9
4684,7269
7269,7268
7268,7267
7268,7265
7265,7264
7265,7263
7265,7266
7263,7262
4718,4723
4723,7294
7294,7293
7293,7292
7292,7291
7291,7290
7290,7287
7287,7288
7287,7285
7285,7284
7284,7283
7283,7282
7282,7281
7281,7289
7288,7286
7280,7279
7279,7278
7278,7277
7277,7276
7276,7275
7275,7274
7274,7273
7273,7272
7272,7271
7271,7270
7250,7251
7251,7252
7252,7253
7253,7254
7254,7255
7255,7256
7256,7257
7257,7258
7256,7259
7249,7261
7261,7260
4668,7242
7242,7244
7244,7245
7245,7247
7242,7243
7243,7246
7246,7248
7248,7240
7240,7239
7239,7229
7229,7228
7228,7227
7227,7225
7225,7226
7248,7241
7241,7238
7238,7230
7230,7231
7231,7232
7232,7233
7233,7234
7234,7235
7235,7236
7236,7237
3201,3200
3200,3191
3191,3190
3190,3189
3189,3188
3188,3192
3192,3193
3193,3194
3194,3195
3195,3196
3180,3181
3181,3182
3182,3183
3183,3184
3184,3185
3185,3186
3186,3187
3134,3135
3135,3136
3136,3137
3137,3138
3138,3139
3139,3140
3140,3145
3145,3146
3146,3148
3148,3149
3149,3150
3146,3147
3147,3151
3104,3072
3072,3071
3071,3069
3069,3068
3072,3073
3073,3074
3074,3075
3075,3076
3076,3077
3077,3079
3077,3078
3079,3080
3080,3081
3081,3083
3081,3082
3120,3121
3121,3124
3083,3084
3084,3085
3085,3087
3085,3086
3087,3088
3088,3089
3089,3090
3090,3091
3172,3175
3175,3176
3176,3177
3177,3178
3140,3141
3141,3142
3142,3143
3143,3144
4849,4850
4854,4855
4855,4856
4857,4858
4858,4859
4861,4862
4862,9674
4864,9673
9673,9672
9672,9671
4867,9670
4868,9669
9669,9668
4870,9666
9666,9667
9666,9665
4873,9663
9663,9664
4878,9662
4884,9661
4892,9660
4897,9659
4899,9658
8224,8225
8220,8226
8220,8219
8226,8227
8227,8235
8235,8236
8220,8221
8221,8222
8221,8228
8228,8229
8229,8230
8229,8231
8231,8232
8232,8233
8233,8234
8179,8185
8185,8188
8185,8184
8188,8186
8188,8189
8189,8187
8042,8043
8043,8134
8134,8135
8134,8133
8135,8136
8136,8137
8136,8138
8138,8139
8138,8140
8140,8141
8044,8130
8130,8132
8132,8142
8130,8131
8251,8252
8252,8253
8253,8254
8254,8259
8259,8260
8260,8262
8262,8263
8263,8271
8271,8272
8272,8273
8273,8274
8274,8275
8275,8276
8252,8258
8258,8255
8255,8256
8258,8257
8268,8265
8265,8264
8264,8261
8264,8266
8266,8267
8268,8278
8278,8280
8280,8281
8281,8282
8280,8283
8283,8284
8284,8285
8285,8286
5061,9613
5063,9612
5067,9611
5068,9610
5079,9609
5082,9608
5089,8421
5091,8422
5092,8423
5094,8424
8424,8425
8425,8426
8426,8427
8427,8428
8428,8429
5106,8430
8430,8431
8431,8432
8432,8433
8433,8434
8434,8435
8435,8436
8436,8437
8294,8295
8452,8453
8453,8454
8454,8455
8455,8456
8456,8457
8456,8458
8458,8459
8459,8460
8460,8461
5152,8462
8461,8463
8463,8464
8464,8466
5155,8465
8465,8468
8468,8467
8466,8469
8469,8470
8470,8471
5158,8472
8472,8473
8473,8474
9604,9599
9587,9598
7115,9339
9339,9340
9340,9342
9340,9341
9341,9336
9341,9338
9341,9337
9170,9173
9173,9219
9219,9220
9220,9221
9221,9246
9246,9245
9245,9244
9221,9222
9222,9243
9243,9241
9241,9242
9222,9223
9223,9224
9224,9225
9225,9239
9239,9240
9225,9226
9226,9227
9227,9228
9228,9238
9228,9229
9229,9237
9229,9230
9230,9231
9231,9232
9232,9236
9232,9233
9233,9234
9234,9235
9176,9189
9189,9190
9190,9191
9191,9192
9192,9193
9193,9194
9194,9195
9194,9196
9196,9197
9197,9198
9198,9199
9196,9200
9200,9201
9201,9202
9202,9203
9203,9204
9204,9205
9200,9206
9206,9207
9207,9212
9212,9213
9213,9214
9214,9215
9215,9216
9216,9217
9217,9218
9249,9254
9259,9258
9257,9255
9285,9307
9307,9306
9307,9305
9305,9304
9304,9308
9304,9303
9303,9301
9301,9302
9301,9300
9300,9298
9298,9299
9298,9297
9308,9309
9309,9310
9310,9311
9271,9312
9312,9316
9316,9315
9315,9314
9315,9313
9270,9269
9269,9268
9275,9276
9276,9277
9275,9317
9282,9281
9281,9318
9318,9319
9328,9320
9330,9329
9332,9333
9326,9335
9335,9334
9334,9325
9325,9324
9324,9322
9324,9323
5637,9568
9568,9574
9574,9573
9573,9577
9577,9578
9578,9576
9576,5634
5634,5633
9558,9567
9567,9566
9566,9565
9565,9564
9566,9570
9570,9569
9569,9572
9572,9575
9572,9571
5385,9760
5388,9761
5390,9763
9763,9762
5392,9765
9765,9764
5394,9766
9766,9767
5396,9768
9774,9773
9776,9777
5591,5593
5591,5592
5593,5594
5594,5599
5599,5595
5595,5596
5595,5597
5596,5598
9821,9827
9827,9826
9826,9825
9825,9824
9824,9823
9823,9822
9857,9871
9856,9870
9795,9790
768,11166
11172,11171